1,56554;2,27579;0,00632775;46

0; 0; 0; 0; 
1,48746e-05; 0,000443345; 0,000985007; 0,0195519; 
0,000116668; 0,00172682; 0,00388144; 0,0382355; 
0,000385963; 0,00378219; 0,00860451; 0,0560911; 
0,000896628; 0,00654342; 0,0150734; 0,0731576; 
0,00171604; 0,00994679; 0,023211; 0,0894721; 
0,00290534; 0,013931; 0,0329439; 0,10507; 
0,00451963; 0,018437; 0,0442022; 0,119985; 
0,00660826; 0,0234086; 0,0569192; 0,134249; 
0,00921506; 0,0287917; 0,0710313; 0,147892; 
0,0123786; 0,0345349; 0,086478; 0,160944; 
0,0161324; 0,0405892; 0,103201; 0,17343; 
0,0205052; 0,0469082; 0,121146; 0,185376; 
0,0255214; 0,0534479; 0,140259; 0,196807; 
0,0312008; 0,0601666; 0,160491; 0,207744; 
0,0375594; 0,0670252; 0,181792; 0,218208; 
0,0446093; 0,0739868; 0,204117; 0,228218; 
0,052359; 0,0810168; 0,227421; 0,237793; 
0,0608138; 0,0880828; 0,251662; 0,24695; 
0,0699757; 0,0951545; 0,276798; 0,255702; 
0,079844; 0,102204; 0,30279; 0,264066; 
0,0904149; 0,109205; 0,329599; 0,272054; 
0,101682; 0,116133; 0,357188; 0,279678; 
0,113638; 0,122966; 0,385523; 0,28695; 
0,126272; 0,129683; 0,414567; 0,293878; 
0,13957; 0,136267; 0,444287; 0,300474; 
0,15352; 0,142699; 0,474651; 0,306744; 
0,168105; 0,148964; 0,505626; 0,312698; 
0,183307; 0,155048; 0,53718; 0,318341; 
0,199108; 0,160938; 0,569284; 0,32368; 
0,215487; 0,166623; 0,601906; 0,328721; 
0,232425; 0,172094; 0,635018; 0,333469; 
0,249899; 0,177341; 0,66859; 0,337928; 
0,267886; 0,182356; 0,702594; 0,342104; 
0,286362; 0,187134; 0,737002; 0,345999; 
0,305304; 0,191669; 0,771785; 0,349618; 
0,324688; 0,195956; 0,806916; 0,352963; 
0,344487; 0,199991; 0,842368; 0,356037; 
0,364677; 0,203772; 0,878115; 0,358843; 
0,385233; 0,207297; 0,914128; 0,361384; 
0,406128; 0,210564; 0,950383; 0,363661; 
0,427337; 0,213573; 0,986852; 0,365678; 
0,448834; 0,216323; 1,02351; 0,367435; 
0,470593; 0,218816; 1,06033; 0,368935; 
0,492589; 0,221052; 1,09729; 0,370181; 
0,514795; 0,223034; 1,13436; 0,371173; 
0,537187; 0,224762; 1,17151; 0,371913; 
0,559739; 0,226241; 1,20873; 0,372405; 
0,582427; 0,227472; 1,24599; 0,372649; 
0,605225; 0,228458; 1,28325; 0,372647; 
0,62811; 0,229204; 1,32051; 0,372403; 
0,651058; 0,229713; 1,35773; 0,371917; 
0,674045; 0,22999; 1,39488; 0,371192; 
0,697049; 0,230038; 1,43196; 0,37023; 
0,720046; 0,229862; 1,46892; 0,369034; 
0,743014; 0,229468; 1,50576; 0,367607; 
0,765932; 0,228859; 1,54244; 0,36595; 
0,788779; 0,22804; 1,57894; 0,364068; 
0,811533; 0,227018; 1,61524; 0,361962; 
0,834176; 0,225797; 1,65132; 0,359636; 
0,856686; 0,224383; 1,68716; 0,357094; 
0,879046; 0,22278; 1,72273; 0,354338; 
0,901236; 0,220995; 1,75802; 0,351372; 
0,923239; 0,219033; 1,793; 0,348199; 
0,945037; 0,2169; 1,82766; 0,344824; 
0,966614; 0,214601; 1,86196; 0,341251; 
0,987952; 0,212142; 1,8959; 0,337483; 
1,00904; 0,209528; 1,92945; 0,333524; 
1,02985; 0,206765; 1,9626; 0,32938; 
1,05038; 0,203859; 1,99532; 0,325054; 
1,07062; 0,200816; 2,0276; 0,320551; 
1,09054; 0,19764; 2,05943; 0,315877; 
1,11014; 0,194338; 2,09077; 0,311035; 
1,12941; 0,190915; 2,12163; 0,30603; 
1,14832; 0,187376; 2,15197; 0,300868; 
1,16688; 0,183727; 2,1818; 0,295554; 
1,18506; 0,179974; 2,21108; 0,290094; 
1,20287; 0,176121; 2,23981; 0,284491; 
1,22029; 0,172174; 2,26797; 0,278753; 
1,2373; 0,168139; 2,29556; 0,272884; 
1,25391; 0,16402; 2,32255; 0,266889; 
1,2701; 0,159823; 2,34893; 0,260776; 
1,28587; 0,155552; 2,3747; 0,254548; 
1,30121; 0,151213; 2,39984; 0,248213; 
1,31611; 0,146811; 2,42434; 0,241775; 
1,33057; 0,142351; 2,44819; 0,235241; 
1,34458; 0,137836; 2,47138; 0,228617; 
1,35814; 0,133273; 2,49391; 0,221907; 
1,37123; 0,128666; 2,51576; 0,215119; 
1,38387; 0,124019; 2,53693; 0,208258; 
1,39604; 0,119337; 2,55741; 0,20133; 
1,40774; 0,114625; 2,57719; 0,194341; 
1,41896; 0,109886; 2,59628; 0,187297; 
1,42971; 0,105126; 2,61465; 0,180204; 
1,43999; 0,100348; 2,63232; 0,173067; 
1,44978; 0,0955568; 2,64926; 0,165893; 
1,4591; 0,0907563; 2,66549; 0,158687; 
1,46793; 0,0859506; 2,681; 0,151455; 
1,47629; 0,0811436; 2,69578; 0,144203; 
1,48416; 0,0763393; 2,70984; 0,136937; 
1,49156; 0,0715414; 2,72317; 0,129662; 
1,49847; 0,0667536; 2,73577; 0,122383; 
1,50491; 0,0619797; 2,74765; 0,115107; 
1,51087; 0,0572232; 2,75879; 0,107839; 
1,51635; 0,0524876; 2,76922; 0,100584; 
1,52136; 0,0477763; 2,77891; 0,0933482; 
1,52591; 0,0430926; 2,78789; 0,0861359; 
1,52998; 0,0384399; 2,79614; 0,0789526; 
1,5336; 0,0338212; 2,80368; 0,0718034; 
1,53675; 0,0292398; 2,8105; 0,0646934; 
1,53945; 0,0246987; 2,81662; 0,0576276; 
1,54169; 0,0202007; 2,82203; 0,0506106; 
1,54349; 0,0157487; 2,82674; 0,0436473; 
1,54484; 0,0113456; 2,83076; 0,0367424; 
1,54576; 0,00699406; 2,83409; 0,0299002; 
1,54624; 0,00269664; 2,83674; 0,0231253; 
1,5463; -0,00154407; 2,83872; 0,016422; 
1,54594; -0,00572563; 2,84003; 0,00979447; 
1,54516; -0,00984565; 2,84068; 0,00324681; 
1,54397; -0,0139018; 2,84068; -0,00321699; 
1,54238; -0,017892; 2,84004; -0,00959307; 
1,54039; -0,021814; 2,83877; -0,0158777; 
1,53802; -0,0256657; 2,83687; -0,0220672; 
1,53526; -0,0294453; 2,83436; -0,0281581; 
1,53213; -0,0331508; 2,83124; -0,034147; 
1,52863; -0,0367804; 2,82753; -0,0400306; 
1,52478; -0,0403324; 2,82324; -0,0458059; 
1,52057; -0,0438052; 2,81837; -0,0514698; 
1,51602; -0,0471973; 2,81295; -0,0570193; 
1,51113; -0,050507; 2,80697; -0,0624518; 
1,50592; -0,0537332; 2,80046; -0,0677646; 
1,50039; -0,0568744; 2,79342; -0,0729553; 
1,49455; -0,0599294; 2,78587; -0,0780213; 
1,48841; -0,0628971; 2,77782; -0,0829606; 
1,48197; -0,0657764; 2,76929; -0,0877709; 
1,47526; -0,0685663; 2,76027; -0,0924503; 
1,46826; -0,071266; 2,7508; -0,0969968; 
1,46101; -0,0738746; 2,74088; -0,101409; 
1,45349; -0,0763914; 2,73052; -0,105685; 
1,44573; -0,0788156; 2,71975; -0,109823; 
1,43773; -0,0811468; 2,70856; -0,113822; 
1,4295; -0,0833844; 2,69699; -0,117681; 
1,42106; -0,0855279; 2,68503; -0,121399; 
1,4124; -0,0875771; 2,67271; -0,124975; 
1,40354; -0,0895316; 2,66004; -0,128407; 
1,3945; -0,0913913; 2,64704; -0,131695; 
1,38527; -0,0931559; 2,63371; -0,134839; 
1,37587; -0,0948255; 2,62007; -0,137838; 
1,36631; -0,0964001; 2,60614; -0,140692; 
1,35659; -0,0978796; 2,59194; -0,1434; 
1,34674; -0,0992644; 2,57747; -0,145962; 
1,33674; -0,100555; 2,56275; -0,148378; 
1,32663; -0,101751; 2,5478; -0,150649; 
1,3164; -0,102852; 2,53263; -0,152774; 
1,30606; -0,103861; 2,51725; -0,154754; 
1,29563; -0,104776; 2,50168; -0,156589; 
1,28511; -0,105599; 2,48594; -0,158279; 
1,27451; -0,106331; 2,47003; -0,159826; 
1,26384; -0,106971; 2,45398; -0,161231; 
1,25312; -0,10752; 2,43779; -0,162493; 
1,24234; -0,10798; 2,42148; -0,163613; 
1,23153; -0,108351; 2,40507; -0,164594; 
1,22068; -0,108634; 2,38857; -0,165436; 
1,2098; -0,108831; 2,37199; -0,166139; 
1,19891; -0,108941; 2,35534; -0,166707; 
1,18802; -0,108967; 2,33865; -0,167139; 
1,17712; -0,108909; 2,32192; -0,167437; 
1,16624; -0,108768; 2,30517; -0,167603; 
1,15537; -0,108546; 2,2884; -0,167639; 
1,14453; -0,108244; 2,27164; -0,167546; 
1,13373; -0,107863; 2,2549; -0,167326; 
1,12296; -0,107405; 2,23818; -0,16698; 
1,11225; -0,106871; 2,22151; -0,166512; 
1,10159; -0,106262; 2,20488; -0,165922; 
1,091; -0,10558; 2,18833; -0,165213; 
1,08048; -0,104826; 2,17185; -0,164388; 
1,07003; -0,104002; 2,15545; -0,163447; 
1,05968; -0,10311; 2,13916; -0,162394; 
1,04941; -0,10215; 2,12298; -0,16123; 
1,03925; -0,101126; 2,10692; -0,159959; 
1,02919; -0,100037; 2,09099; -0,158582; 
1,01924; -0,0988868; 2,0752; -0,157102; 
1,00942; -0,0976761; 2,05957; -0,155522; 
0,999712; -0,0964069; 2,0441; -0,153844; 
0,990137; -0,0950809; 2,02881; -0,15207; 
0,980697; -0,0936998; 2,01369; -0,150203; 
0,971398; -0,0922655; 1,99877; -0,148247; 
0,962246; -0,0907798; 1,98405; -0,146203; 
0,953244; -0,0892445; 1,96953; -0,144075; 
0,944399; -0,0876613; 1,95523; -0,141864; 
0,935713; -0,0860323; 1,94116; -0,139575; 
0,927194; -0,0843592; 1,92732; -0,137209; 
0,918843; -0,0826438; 1,91372; -0,13477; 
0,910666; -0,0808882; 1,90037; -0,13226; 
0,902667; -0,0790941; 1,88727; -0,129683; 
0,894848; -0,0772634; 1,87444; -0,12704; 
0,887215; -0,0753981; 1,86187; -0,124336; 
0,87977; -0,0734999; 1,84957; -0,121572; 
0,872516; -0,0715709; 1,83755; -0,118753; 
0,865457; -0,0696128; 1,82582; -0,11588; 
0,858595; -0,0676277; 1,81438; -0,112956; 
0,851932; -0,0656172; 1,80323; -0,109986; 
0,845472; -0,0635834; 1,79238; -0,10697; 
0,839216; -0,0615281; 1,78184; -0,103914; 
0,833167; -0,0594532; 1,7716; -0,100818; 
0,827326; -0,0573605; 1,76168; -0,0976865; 
0,821695; -0,0552518; 1,75207; -0,094522; 
0,816276; -0,0531289; 1,74277; -0,0913274; 
0,81107; -0,0509938; 1,7338; -0,0881056; 
0,806078; -0,0488481; 1,72515; -0,0848593; 
0,801301; -0,0466937; 1,71683; -0,0815914; 
0,796739; -0,0445323; 1,70884; -0,0783046; 
0,792394; -0,0423656; 1,70117; -0,0750018; 
0,788266; -0,0401955; 1,69384; -0,0716856; 
0,784355; -0,0380236; 1,68683; -0,0683589; 
0,780662; -0,0358515; 1,68016; -0,0650242; 
0,777185; -0,033681; 1,67383; -0,0616842; 
0,773925; -0,0315137; 1,66783; -0,0583416; 
0,770882; -0,0293512; 1,66216; -0,054999; 
0,768055; -0,0271951; 1,65683; -0,0516589; 
0,765443; -0,025047; 1,65183; -0,0483238; 
0,763045; -0,0229084; 1,64716; -0,0449962; 
0,760861; -0,0207807; 1,64283; -0,0416786; 
0,758889; -0,0186656; 1,63883; -0,0383733; 
0,757127; -0,0165644; 1,63515; -0,0350829; 
0,755575; -0,0144786; 1,63181; -0,0318094; 
0,754231; -0,0124095; 1,62879; -0,0285553; 
0,753093; -0,0103585; 1,6261; -0,0253228; 
0,752159; -0,00832697; 1,62373; -0,022114; 
0,751427; -0,00631618; 1,62167; -0,0189311; 
0,750895; -0,00432739; 1,61994; -0,0157762; 
0,75056; -0,00236182; 1,61852; -0,0126514; 
0,750421; -0,00042067; 1,61741; -0,00955851; 
0,750475; 0,0014949; 1,6166; -0,00649961; 
0,750719; 0,00338376; 1,61611; -0,00347656; 
0,751151; 0,00524483; 1,61591; -0,00049118; 
0,751767; 0,00707706; 1,61601; 0,00245473; 
0,752566; 0,00887942; 1,6164; 0,00535946; 
0,753542; 0,0106509; 1,61708; 0,00822132; 
0,754695; 0,0123907; 1,61804; 0,0110387; 
0,756019; 0,0140977; 1,61928; 0,01381; 
0,757513; 0,0157712; 1,6208; 0,0165338; 
0,759172; 0,0174102; 1,62259; 0,0192086; 
0,760994; 0,0190141; 1,62464; 0,021833; 
0,762974; 0,020582; 1,62695; 0,0244057; 
0,765109; 0,0221133; 1,62952; 0,0269254; 
0,767395; 0,0236072; 1,63234; 0,0293908; 
0,769829; 0,0250631; 1,6354; 0,0318008; 
0,772407; 0,0264804; 1,63869; 0,0341544; 
0,775124; 0,0278585; 1,64223; 0,0364504; 
0,777977; 0,0291969; 1,64598; 0,0386879; 
0,780962; 0,0304951; 1,64996; 0,0408659; 
0,784075; 0,0317526; 1,65415; 0,0429836; 
0,787311; 0,0329691; 1,65856; 0,0450401; 
0,790667; 0,0341441; 1,66316; 0,0470347; 
0,794139; 0,0352773; 1,66796; 0,0489667; 
0,797721; 0,0363684; 1,67295; 0,0508354; 
0,801411; 0,0374171; 1,67813; 0,0526403; 
0,805203; 0,0384232; 1,68348; 0,0543809; 
0,809094; 0,0393864; 1,689; 0,0560566; 
0,813079; 0,0403066; 1,69469; 0,057667; 
0,817154; 0,0411838; 1,70053; 0,0592118; 
0,821314; 0,0420177; 1,70653; 0,0606907; 
0,825556; 0,0428083; 1,71267; 0,0621034; 
0,829875; 0,0435556; 1,71895; 0,0634498; 
0,834266; 0,0442596; 1,72535; 0,0647296; 
0,838725; 0,0449203; 1,73189; 0,0659428; 
0,843248; 0,0455379; 1,73854; 0,0670893; 
0,847831; 0,0461123; 1,7453; 0,0681692; 
0,852469; 0,0466439; 1,75217; 0,0691825; 
0,857159; 0,0471326; 1,75914; 0,0701294; 
0,861895; 0,0475787; 1,7662; 0,07101; 
0,866673; 0,0479825; 1,77334; 0,0718244; 
0,87149; 0,0483441; 1,78056; 0,0725731; 
0,87634; 0,048664; 1,78785; 0,0732562; 
0,881221; 0,0489423; 1,79521; 0,0738741; 
0,886128; 0,0491795; 1,80262; 0,0744272; 
0,891056; 0,0493758; 1,81009; 0,0749161; 
0,896001; 0,0495318; 1,8176; 0,075341; 
0,900961; 0,0496477; 1,82516; 0,0757026; 
0,90593; 0,0497242; 1,83274; 0,0760015; 
0,910904; 0,0497615; 1,84036; 0,0762382; 
0,915881; 0,0497603; 1,84799; 0,0764135; 
0,920855; 0,049721; 1,85564; 0,0765279; 
0,925824; 0,0496442; 1,86329; 0,0765822; 
0,930783; 0,0495304; 1,87095; 0,0765772; 
0,935728; 0,0493803; 1,87861; 0,0765136; 
0,940657; 0,0491943; 1,88625; 0,0763924; 
0,945566; 0,0489732; 1,89388; 0,0762143; 
0,950451; 0,0487176; 1,90149; 0,0759802; 
0,955308; 0,048428; 1,90908; 0,0756911; 
0,960135; 0,0481053; 1,91663; 0,075348; 
0,964928; 0,0477501; 1,92414; 0,0749518; 
0,969684; 0,0473631; 1,93162; 0,0745035; 
0,9744; 0,046945; 1,93904; 0,0740042; 
0,979072; 0,0464965; 1,94642; 0,0734549; 
0,983698; 0,0460185; 1,95373; 0,0728567; 
0,988275; 0,0455116; 1,96099; 0,0722107; 
0,9928; 0,0449767; 1,96817; 0,0715182; 
0,99727; 0,0444144; 1,97529; 0,0707801; 
1,00168; 0,0438257; 1,98233; 0,0699977; 
1,00603; 0,0432113; 1,98929; 0,0691722; 
1,01032; 0,0425721; 1,99616; 0,0683047; 
1,01455; 0,0419087; 2,00295; 0,0673966; 
1,0187; 0,0412222; 2,00964; 0,066449; 
1,02279; 0,0405133; 2,01623; 0,0654632; 
1,02681; 0,0397828; 2,02273; 0,0644404; 
1,03075; 0,0390316; 2,02912; 0,063382; 
1,03461; 0,0382606; 2,03541; 0,0622892; 
1,0384; 0,0374706; 2,04158; 0,0611633; 
1,04211; 0,0366625; 2,04764; 0,0600057; 
1,04573; 0,0358371; 2,05358; 0,0588175; 
1,04927; 0,0349953; 2,0594; 0,0576002; 
1,05273; 0,0341379; 2,0651; 0,0563551; 
1,0561; 0,0332658; 2,07067; 0,0550834; 
1,05938; 0,03238; 2,07611; 0,0537866; 
1,06257; 0,0314811; 2,08143; 0,0524659; 
1,06568; 0,0305702; 2,08661; 0,0511227; 
1,06869; 0,029648; 2,09165; 0,0497583; 
1,07161; 0,0287155; 2,09656; 0,048374; 
1,07443; 0,0277734; 2,10132; 0,0469712; 
1,07716; 0,0268226; 2,10595; 0,0455511; 
1,0798; 0,025864; 2,11043; 0,0441152; 
1,08233; 0,0248984; 2,11477; 0,0426646; 
1,08478; 0,0239266; 2,11897; 0,0412007; 
1,08712; 0,0229495; 2,12301; 0,0397249; 
1,08936; 0,0219679; 2,12691; 0,0382383; 
1,09151; 0,0209825; 2,13066; 0,0367423; 
1,09356; 0,0199942; 2,13426; 0,0352382; 
1,09551; 0,0190039; 2,13771; 0,0337271; 
1,09736; 0,0180122; 2,141; 0,0322104; 
1,09911; 0,0170199; 2,14415; 0,0306893; 
1,10077; 0,0160279; 2,14714; 0,029165; 
1,10232; 0,0150368; 2,14998; 0,0276388; 
1,10377; 0,0140474; 2,15267; 0,0261117; 
1,10513; 0,0130605; 2,1552; 0,0245851; 
1,10639; 0,0120768; 2,15759; 0,02306; 
1,10754; 0,011097; 2,15982; 0,0215376; 
1,10861; 0,0101217; 2,16189; 0,020019; 
1,10957; 0,0091517; 2,16382; 0,0185054; 
1,11044; 0,00818765; 2,1656; 0,0169978; 
1,11121; 0,00723019; 2,16722; 0,0154973; 
1,11188; 0,00627998; 2,1687; 0,014005; 
1,11246; 0,00533764; 2,17002; 0,0125219; 
1,11295; 0,00440379; 2,1712; 0,0110489; 
1,11334; 0,00347903; 2,17223; 0,00958723; 
1,11365; 0,00256395; 2,17312; 0,00813769; 
1,11386; 0,00165912; 2,17386; 0,00670126; 
1,11398; 0,000765089; 2,17446; 0,00527886; 
1,11401; -0,000117595; 2,17492; 0,00387141; 
1,11395; -0,000988411; 2,17523; 0,00247978; 
1,11381; -0,00184685; 2,17541; 0,00110482; 
1,11359; -0,00269242; 2,17546; -0,000252644; 
1,11327; -0,00352465; 2,17536; -0,0015918; 
1,11288; -0,00434308; 2,17514; -0,00291186; 
1,11241; -0,00514726; 2,17478; -0,00421209; 
1,11185; -0,00593677; 2,1743; -0,00549174; 
1,11122; -0,0067112; 2,17368; -0,00675011; 
1,11051; -0,00747016; 2,17295; -0,00798652; 
1,10973; -0,00821328; 2,17209; -0,00920033; 
1,10887; -0,0089402; 2,17111; -0,0103909; 
1,10794; -0,00965058; 2,17001; -0,0115576; 
1,10694; -0,0103441; 2,1688; -0,0126999; 
1,10587; -0,0110204; 2,16747; -0,0138173; 
1,10474; -0,0116793; 2,16603; -0,0149092; 
1,10354; -0,0123205; 2,16449; -0,0159751; 
1,10227; -0,0129436; 2,16284; -0,0170145; 
1,10095; -0,0135486; 2,16109; -0,018027; 
1,09956; -0,0141351; 2,15924; -0,0190123; 
1,09812; -0,014703; 2,15729; -0,0199698; 
1,09662; -0,015252; 2,15524; -0,0208993; 
1,09507; -0,015782; 2,15311; -0,0218004; 
1,09347; -0,0162929; 2,15088; -0,0226728; 
1,09181; -0,0167845; 2,14857; -0,0235162; 
1,09011; -0,0172567; 2,14618; -0,0243303; 
1,08836; -0,0177094; 2,14371; -0,025115; 
1,08657; -0,0181425; 2,14116; -0,02587; 
1,08473; -0,0185559; 2,13854; -0,0265951; 
1,08286; -0,0189497; 2,13584; -0,0272901; 
1,08095; -0,0193236; 2,13308; -0,0279551; 
1,079; -0,0196778; 2,13025; -0,0285897; 
1,07701; -0,0200122; 2,12736; -0,029194; 
1,07499; -0,0203268; 2,12441; -0,0297679; 
1,07295; -0,0206217; 2,12141; -0,0303114; 
1,07087; -0,0208968; 2,11835; -0,0308244; 
1,06877; -0,0211523; 2,11525; -0,0313069; 
1,06664; -0,0213882; 2,11209; -0,0317591; 
1,06449; -0,0216046; 2,10889; -0,0321809; 
1,06232; -0,0218016; 2,10566; -0,0325725; 
1,06013; -0,0219792; 2,10238; -0,032934; 
1,05792; -0,0221377; 2,09907; -0,0332654; 
1,0557; -0,0222771; 2,09573; -0,0335669; 
1,05347; -0,0223976; 2,09236; -0,0338387; 
1,05122; -0,0224993; 2,08896; -0,034081; 
1,04897; -0,0225825; 2,08554; -0,034294; 
1,04671; -0,0226472; 2,0821; -0,0344779; 
1,04444; -0,0226938; 2,07865; -0,0346329; 
1,04217; -0,0227224; 2,07518; -0,0347594; 
1,0399; -0,0227332; 2,0717; -0,0348576; 
1,03762; -0,0227265; 2,06821; -0,0349278; 
1,03535; -0,0227025; 2,06471; -0,0349703; 
1,03308; -0,0226614; 2,06121; -0,0349855; 
1,03082; -0,0226035; 2,05772; -0,0349738; 
1,02856; -0,0225291; 2,05422; -0,0349354; 
1,02632; -0,0224385; 2,05073; -0,0348708; 
1,02408; -0,0223319; 2,04725; -0,0347804; 
1,02185; -0,0222096; 2,04378; -0,0346645; 
1,01964; -0,022072; 2,04032; -0,0345237; 
1,01744; -0,0219193; 2,03687; -0,0343584; 
1,01525; -0,0217519; 2,03344; -0,0341689; 
1,01309; -0,02157; 2,03004; -0,0339559; 
1,01094; -0,0213741; 2,02665; -0,0337197; 
1,00881; -0,0211644; 2,0233; -0,0334608; 
1,00671; -0,0209414; 2,01996; -0,0331798; 
1,00462; -0,0207053; 2,01666; -0,0328772; 
1,00257; -0,0204565; 2,01339; -0,0325534; 
1,00053; -0,0201953; 2,01015; -0,032209; 
0,998527; -0,0199222; 2,00695; -0,0318446; 
0,996549; -0,0196375; 2,00378; -0,0314607; 
0,9946; -0,0193416; 2,00066; -0,0310578; 
0,992681; -0,0190348; 1,99757; -0,0306365; 
0,990793; -0,0187175; 1,99453; -0,0301974; 
0,988938; -0,0183901; 1,99153; -0,0297411; 
0,987116; -0,0180531; 1,98858; -0,0292681; 
0,985328; -0,0177067; 1,98568; -0,028779; 
0,983575; -0,0173514; 1,98283; -0,0282744; 
0,981858; -0,0169875; 1,98002; -0,0277549; 
0,980178; -0,0166156; 1,97728; -0,0272211; 
0,978535; -0,0162358; 1,97458; -0,0266736; 
0,976931; -0,0158487; 1,97194; -0,0261129; 
0,975365; -0,0154546; 1,96936; -0,0255398; 
0,97384; -0,015054; 1,96683; -0,0249548; 
0,972355; -0,0146472; 1,96437; -0,0243585; 
0,970911; -0,0142346; 1,96196; -0,0237515; 
0,969508; -0,0138166; 1,95962; -0,0231344; 
0,968147; -0,0133937; 1,95734; -0,0225079; 
0,966829; -0,0129661; 1,95512; -0,0218725; 
0,965554; -0,0125343; 1,95296; -0,0212288; 
0,964323; -0,0120987; 1,95087; -0,0205775; 
0,963135; -0,0116596; 1,94885; -0,0199191; 
0,961991; -0,0112175; 1,94689; -0,0192542; 
0,960891; -0,0107727; 1,945; -0,0185835; 
0,959836; -0,0103255; 1,94317; -0,0179076; 
0,958826; -0,00987646; 1,94141; -0,0172269; 
0,957861; -0,00942583; 1,93973; -0,0165421; 
0,956941; -0,008974; 1,93811; -0,0158539; 
0,956066; -0,00852133; 1,93655; -0,0151626; 
0,955237; -0,00806819; 1,93507; -0,014469; 
0,954453; -0,00761491; 1,93366; -0,0137736; 
0,953714; -0,00716186; 1,93232; -0,0130769; 
0,95302; -0,00670936; 1,93105; -0,0123795; 
0,952372; -0,00625778; 1,92984; -0,0116819; 
0,951769; -0,00580743; 1,92871; -0,0109847; 
0,951211; -0,00535864; 1,92765; -0,0102884; 
0,950697; -0,00491175; 1,92665; -0,00959356; 
0,950228; -0,00446705; 1,92573; -0,00890061; 
0,949804; -0,00402488; 1,92487; -0,00821009; 
0,949423; -0,00358552; 1,92408; -0,0075225; 
0,949086; -0,00314928; 1,92337; -0,00683833; 
0,948793; -0,00271645; 1,92272; -0,00615806; 
0,948543; -0,00228732; 1,92214; -0,00548216; 
0,948335; -0,00186217; 1,92162; -0,00481107; 
0,94817; -0,00144126; 1,92117; -0,00414526; 
0,948047; -0,00102487; 1,92079; -0,00348516; 
0,947965; -0,000613245; 1,92048; -0,00283121; 
0,947924; -0,000206647; 1,92022; -0,00218381; 
0,947924; 0,000194684; 1,92004; -0,00154338; 
0,947963; 0,00059051; 1,91992; -0,000910313; 
0,948042; 0,000980603; 1,91986; -0,000284999; 
0,948159; 0,00136474; 1,91986; 0,00033219; 
0,948314; 0,00174271; 1,91992; 0,000940889; 
0,948507; 0,0021143; 1,92005; 0,00154075; 
0,948737; 0,00247931; 1,92023; 0,00213142; 
0,949003; 0,00283755; 1,92047; 0,00271258; 
0,949304; 0,00318885; 1,92077; 0,00328391; 
0,94964; 0,00353301; 1,92113; 0,0038451; 
0,950011; 0,00386988; 1,92154; 0,00439586; 
0,950414; 0,0041993; 1,92201; 0,00493591; 
0,95085; 0,0045211; 1,92253; 0,00546498; 
0,951318; 0,00483515; 1,9231; 0,0059828; 
0,951817; 0,00514131; 1,92372; 0,00648913; 
0,952346; 0,00543945; 1,9244; 0,00698375; 
0,952905; 0,00572945; 1,92512; 0,00746641; 
0,953492; 0,00601119; 1,92589; 0,00793693; 
0,954107; 0,00628457; 1,92671; 0,00839509; 
0,954748; 0,0065495; 1,92757; 0,00884071; 
0,955416; 0,00680588; 1,92848; 0,00927362; 
0,956109; 0,00705363; 1,92942; 0,00969366; 
0,956827; 0,00729268; 1,93041; 0,0101007; 
0,957567; 0,00752295; 1,93144; 0,0104945; 
0,958331; 0,0077444; 1,93251; 0,0108751; 
0,959116; 0,00795696; 1,93362; 0,0112423; 
0,959922; 0,0081606; 1,93476; 0,0115959; 
0,960748; 0,00835528; 1,93594; 0,011936; 
0,961593; 0,00854096; 1,93715; 0,0122624; 
0,962456; 0,00871763; 1,93839; 0,0125751; 
0,963336; 0,00888528; 1,93966; 0,0128739; 
0,964233; 0,00904388; 1,94096; 0,0131589; 
0,965144; 0,00919345; 1,94229; 0,0134301; 
0,966071; 0,00933399; 1,94365; 0,0136874; 
0,967011; 0,0094655; 1,94503; 0,0139307; 
0,967964; 0,00958802; 1,94643; 0,0141601; 
0,968928; 0,00970157; 1,94786; 0,0143757; 
0,969904; 0,00980618; 1,94931; 0,0145773; 
0,970889; 0,00990189; 1,95078; 0,0147652; 
0,971884; 0,00998874; 1,95226; 0,0149392; 
0,972887; 0,0100668; 1,95376; 0,0150994; 
0,973897; 0,0101361; 1,95528; 0,015246; 
0,974914; 0,0101967; 1,95681; 0,0153789; 
0,975936; 0,0102487; 1,95836; 0,0154983; 
0,976963; 0,0102922; 1,95991; 0,0156043; 
0,977994; 0,0103272; 1,96148; 0,0156969; 
0,979028; 0,0103539; 1,96305; 0,0157762; 
0,980065; 0,0103722; 1,96463; 0,0158424; 
0,981102; 0,0103824; 1,96622; 0,0158956; 
0,982141; 0,0103845; 1,96781; 0,015936; 
0,983179; 0,0103787; 1,96941; 0,0159635; 
0,984216; 0,0103649; 1,971; 0,0159786; 
0,985252; 0,0103434; 1,9726; 0,0159811; 
0,986285; 0,0103143; 1,9742; 0,0159715; 
0,987314; 0,0102777; 1,97579; 0,0159497; 
0,98834; 0,0102337; 1,97739; 0,015916; 
0,989361; 0,0101825; 1,97898; 0,0158706; 
0,990376; 0,0101241; 1,98056; 0,0158136; 
0,991385; 0,0100588; 1,98214; 0,0157453; 
0,992388; 0,00998667; 1,98371; 0,0156659; 
0,993383; 0,00990785; 1,98527; 0,0155755; 
0,994369; 0,00982249; 1,98682; 0,0154744; 
0,995347; 0,00973076; 1,98837; 0,0153628; 
0,996315; 0,00963281; 1,9899; 0,015241; 
0,997273; 0,00952879; 1,99141; 0,0151091; 
0,998221; 0,00941887; 1,99292; 0,0149674; 
0,999157; 0,00930321; 1,99441; 0,0148162; 
1,00008; 0,00918197; 1,99588; 0,0146556; 
1,00099; 0,00905532; 1,99734; 0,014486; 
1,00189; 0,00892343; 1,99878; 0,0143075; 
1,00278; 0,00878648; 2,0002; 0,0141205; 
1,00365; 0,00864462; 2,0016; 0,0139251; 
1,00451; 0,00849805; 2,00298; 0,0137218; 
1,00535; 0,00834692; 2,00435; 0,0135106; 
1,00618; 0,00819143; 2,00569; 0,0132919; 
1,00699; 0,00803174; 2,007; 0,0130659; 
1,00778; 0,00786804; 2,0083; 0,012833; 
1,00856; 0,0077005; 2,00957; 0,0125933; 
1,00932; 0,0075293; 2,01082; 0,0123473; 
1,01007; 0,00735462; 2,01204; 0,012095; 
1,01079; 0,00717665; 2,01324; 0,0118369; 
1,0115; 0,00699556; 2,01441; 0,0115731; 
1,01219; 0,00681153; 2,01555; 0,011304; 
1,01286; 0,00662475; 2,01667; 0,0110298; 
1,01352; 0,00643539; 2,01776; 0,0107509; 
1,01415; 0,00624363; 2,01882; 0,0104675; 
1,01477; 0,00604965; 2,01985; 0,0101798; 
1,01536; 0,00585363; 2,02085; 0,00988818; 
1,01594; 0,00565574; 2,02183; 0,00959288; 
1,01649; 0,00545617; 2,02277; 0,00929418; 
1,01703; 0,00525509; 2,02369; 0,00899236; 
1,01754; 0,00505267; 2,02457; 0,00868768; 
1,01804; 0,00484908; 2,02542; 0,00838042; 
1,01851; 0,0046445; 2,02625; 0,00807084; 
1,01897; 0,00443909; 2,02704; 0,00775922; 
1,0194; 0,00423303; 2,0278; 0,00744582; 
1,01981; 0,00402647; 2,02853; 0,0071309; 
1,02021; 0,0038196; 2,02922; 0,00681473; 
1,02058; 0,00361256; 2,02989; 0,00649756; 
1,02093; 0,00340551; 2,03052; 0,00617965; 
1,02126; 0,00319863; 2,03113; 0,00586126; 
1,02157; 0,00299206; 2,0317; 0,00554263; 
1,02186; 0,00278595; 2,03223; 0,00522401; 
1,02212; 0,00258046; 2,03274; 0,00490564; 
1,02237; 0,00237574; 2,03322; 0,00458776; 
1,0226; 0,00217193; 2,03366; 0,00427062; 
1,02281; 0,00196918; 2,03407; 0,00395444; 
1,02299; 0,00176763; 2,03445; 0,00363946; 
1,02316; 0,00156742; 2,0348; 0,00332589; 
1,02331; 0,00136868; 2,03511; 0,00301396; 
1,02343; 0,00117154; 2,0354; 0,00270388; 
1,02354; 0,000976136; 2,03566; 0,00239588; 
1,02363; 0,000782593; 2,03588; 0,00209015; 
1,0237; 0,000591033; 2,03607; 0,0017869; 
1,02375; 0,000401578; 2,03624; 0,00148633; 
1,02378; 0,000214343; 2,03637; 0,00118863; 
1,02379; 2,94422e-05; 2,03648; 0,000894; 
1,02378; -0,000153014; 2,03655; 0,000602613; 
1,02376; -0,000332918; 2,0366; 0,000314653; 
1,02372; -0,000510166; 2,03661; 3,02956e-05; 
1,02366; -0,00068466; 2,0366; -0,000250291; 
1,02358; -0,0008563; 2,03656; -0,000526942; 
1,02349; -0,001025; 2,0365; -0,000799498; 
1,02338; -0,00119066; 2,0364; -0,00106781; 
1,02325; -0,00135319; 2,03628; -0,00133172; 
1,02311; -0,00151253; 2,03614; -0,00159109; 
1,02295; -0,00166858; 2,03597; -0,00184578; 
1,02277; -0,00182127; 2,03577; -0,00209566; 
1,02258; -0,00197053; 2,03555; -0,0023406; 
1,02238; -0,00211629; 2,0353; -0,00258048; 
1,02216; -0,00225848; 2,03503; -0,00281519; 
1,02193; -0,00239705; 2,03474; -0,00304461; 
1,02168; -0,00253194; 2,03442; -0,00326864; 
1,02142; -0,00266309; 2,03408; -0,00348717; 
1,02115; -0,00279045; 2,03372; -0,00370013; 
1,02086; -0,00291397; 2,03334; -0,00390741; 
1,02056; -0,00303362; 2,03294; -0,00410893; 
1,02026; -0,00314935; 2,03252; -0,00430462; 
1,01994; -0,00326113; 2,03208; -0,00449441; 
1,0196; -0,00336891; 2,03162; -0,00467822; 
1,01926; -0,00347269; 2,03115; -0,004856; 
1,01891; -0,00357241; 2,03065; -0,00502769; 
1,01855; -0,00366808; 2,03014; -0,00519325; 
1,01818; -0,00375966; 2,02961; -0,00535262; 
1,0178; -0,00384714; 2,02907; -0,00550576; 
1,01741; -0,00393051; 2,02851; -0,00565265; 
1,01701; -0,00400976; 2,02794; -0,00579326; 
1,0166; -0,00408489; 2,02735; -0,00592755; 
1,01619; -0,00415588; 2,02676; -0,00605552; 
1,01577; -0,00422275; 2,02614; -0,00617714; 
1,01535; -0,00428549; 2,02552; -0,00629242; 
1,01492; -0,00434412; 2,02489; -0,00640134; 
1,01448; -0,00439864; 2,02424; -0,00650391; 
1,01404; -0,00444907; 2,02359; -0,00660013; 
1,01359; -0,00449542; 2,02292; -0,00669002; 
1,01314; -0,00453771; 2,02225; -0,00677359; 
1,01268; -0,00457596; 2,02157; -0,00685086; 
1,01222; -0,0046102; 2,02088; -0,00692186; 
1,01176; -0,00464046; 2,02018; -0,00698661; 
1,0113; -0,00466676; 2,01948; -0,00704515; 
1,01083; -0,00468914; 2,01877; -0,00709752; 
1,01036; -0,00470763; 2,01806; -0,00714376; 
1,00989; -0,00472228; 2,01734; -0,00718391; 
1,00941; -0,00473311; 2,01662; -0,00721804; 
1,00894; -0,00474018; 2,0159; -0,00724618; 
1,00847; -0,00474352; 2,01518; -0,0072684; 
1,00799; -0,00474319; 2,01445; -0,00728476; 
1,00752; -0,00473924; 2,01372; -0,00729533; 
1,00704; -0,00473171; 2,01299; -0,00730018; 
1,00657; -0,00472066; 2,01226; -0,00729937; 
1,0061; -0,00470614; 2,01153; -0,00729299; 
1,00563; -0,00468822; 2,0108; -0,00728111; 
1,00516; -0,00466695; 2,01007; -0,00726382; 
1,0047; -0,00464239; 2,00935; -0,00724121; 
1,00423; -0,00461461; 2,00863; -0,00721335; 
1,00377; -0,00458366; 2,00791; -0,00718034; 
1,00332; -0,00454962; 2,00719; -0,00714228; 
1,00286; -0,00451256; 2,00648; -0,00709926; 
1,00241; -0,00447253; 2,00577; -0,00705138; 
1,00197; -0,00442962; 2,00507; -0,00699875; 
1,00153; -0,00438389; 2,00437; -0,00694146; 
1,00109; -0,00433541; 2,00368; -0,00687962; 
1,00066; -0,00428426; 2,00299; -0,00681335; 
1,00024; -0,00423052; 2,00232; -0,00674274; 
0,999815; -0,00417426; 2,00165; -0,00666792; 
0,999401; -0,00411555; 2,00098; -0,00658899; 
0,998992; -0,00405448; 2,00033; -0,00650607; 
0,99859; -0,00399112; 1,99968; -0,00641928; 
0,998194; -0,00392555; 1,99904; -0,00632874; 
0,997805; -0,00385785; 1,99842; -0,00623456; 
0,997423; -0,0037881; 1,9978; -0,00613687; 
0,997047; -0,00371638; 1,99719; -0,00603578; 
0,996679; -0,00364278; 1,99659; -0,00593143; 
0,996319; -0,00356737; 1,996; -0,00582392; 
0,995966; -0,00349024; 1,99543; -0,0057134; 
0,995621; -0,00341146; 1,99486; -0,00559997; 
0,995284; -0,00333113; 1,99431; -0,00548378; 
0,994955; -0,00324932; 1,99376; -0,00536494; 
0,994634; -0,00316611; 1,99323; -0,00524358; 
0,994322; -0,00308159; 1,99271; -0,00511982; 
0,994018; -0,00299585; 1,99221; -0,0049938; 
0,993722; -0,00290895; 1,99172; -0,00486564; 
0,993436; -0,00282098; 1,99124; -0,00473547; 
0,993158; -0,00273204; 1,99077; -0,00460341; 
0,99289; -0,00264218; 1,99032; -0,00446959; 
0,99263; -0,00255151; 1,98988; -0,00433413; 
0,992379; -0,00246009; 1,98945; -0,00419716; 
0,992138; -0,00236801; 1,98904; -0,00405881; 
0,991906; -0,00227534; 1,98864; -0,0039192; 
0,991683; -0,00218217; 1,98825; -0,00377846; 
0,991469; -0,00208858; 1,98788; -0,0036367; 
0,991265; -0,00199463; 1,98752; -0,00349405; 
0,99107; -0,00190041; 1,98718; -0,00335063; 
0,990885; -0,001806; 1,98685; -0,00320655; 
0,990709; -0,00171146; 1,98654; -0,00306195; 
0,990543; -0,00161687; 1,98624; -0,00291693; 
0,990386; -0,00152231; 1,98596; -0,00277162; 
0,990238; -0,00142785; 1,98569; -0,00262612; 
0,9901; -0,00133355; 1,98543; -0,00248056; 
0,989972; -0,00123949; 1,98519; -0,00233504; 
0,989852; -0,00114574; 1,98497; -0,00218967; 
0,989742; -0,00105236; 1,98475; -0,00204457; 
0,989642; -0,000959423; 1,98456; -0,00189984; 
0,98955; -0,000866991; 1,98437; -0,00175559; 
0,989468; -0,00077513; 1,98421; -0,00161192; 
0,989395; -0,000683901; 1,98405; -0,00146893; 
0,989332; -0,000593365; 1,98391; -0,00132673; 
0,989277; -0,000503584; 1,98379; -0,0011854; 
0,989231; -0,000414616; 1,98367; -0,00104506; 
0,989194; -0,000326517; 1,98358; -0,000905791; 
0,989166; -0,000239344; 1,98349; -0,000767687; 
0,989146; -0,000153152; 1,98342; -0,000630837; 
0,989135; -6,79918e-05; 1,98337; -0,000495331; 
0,989132; 1,60838e-05; 1,98332; -0,000361254; 
0,989138; 9,90252e-05; 1,98329; -0,00022869; 
0,989152; 0,000180784; 1,98328; -9,77191e-05; 
0,989174; 0,000261314; 1,98328; 3,15785e-05; 
0,989204; 0,000340569; 1,98328; 0,000159127; 
0,989242; 0,000418505; 1,98331; 0,000284851; 
0,989288; 0,000495082; 1,98334; 0,00040868; 
0,989341; 0,000570258; 1,98339; 0,000530544; 
0,989402; 0,000643994; 1,98345; 0,000650375; 
0,98947; 0,000716254; 1,98352; 0,00076811; 
0,989545; 0,000787001; 1,9836; 0,000883686; 
0,989627; 0,000856202; 1,9837; 0,000997044; 
0,989716; 0,000923824; 1,9838; 0,00110813; 
0,989812; 0,000989837; 1,98392; 0,00121688; 
0,989914; 0,00105421; 1,98404; 0,00132325; 
0,990023; 0,00111692; 1,98418; 0,00142718; 
0,990138; 0,00117794; 1,98433; 0,00152864; 
0,990258; 0,00123724; 1,98449; 0,00162758; 
0,990385; 0,0012948; 1,98465; 0,00172395; 
0,990517; 0,00135061; 1,98483; 0,00181771; 
0,990655; 0,00140463; 1,98502; 0,00190883; 
0,990798; 0,00145687; 1,98521; 0,00199728; 
0,990946; 0,00150728; 1,98542; 0,00208301; 
0,991099; 0,00155588; 1,98563; 0,00216601; 
0,991257; 0,00160263; 1,98585; 0,00224624; 
0,99142; 0,00164753; 1,98608; 0,00232369; 
0,991587; 0,00169058; 1,98632; 0,00239832; 
0,991758; 0,00173175; 1,98656; 0,00247012; 
0,991933; 0,00177105; 1,98681; 0,00253907; 
0,992112; 0,00180847; 1,98707; 0,00260516; 
0,992295; 0,00184401; 1,98733; 0,00266837; 
0,992481; 0,00187766; 1,9876; 0,0027287; 
0,99267; 0,00190943; 1,98788; 0,00278613; 
0,992863; 0,00193931; 1,98816; 0,00284067; 
0,993058; 0,00196731; 1,98844; 0,00289231; 
0,993256; 0,00199343; 1,98874; 0,00294104; 
0,993457; 0,00201767; 1,98903; 0,00298687; 
0,99366; 0,00204005; 1,98933; 0,0030298; 
0,993865; 0,00206057; 1,98964; 0,00306985; 
0,994072; 0,00207923; 1,98995; 0,003107; 
0,99428; 0,00209606; 1,99026; 0,00314129; 
0,994491; 0,00211106; 1,99057; 0,00317271; 
0,994703; 0,00212424; 1,99089; 0,00320129; 
0,994916; 0,00213562; 1,99121; 0,00322704; 
0,99513; 0,00214521; 1,99154; 0,00324997; 
0,995345; 0,00215304; 1,99186; 0,00327011; 
0,99556; 0,00215911; 1,99219; 0,00328747; 
0,995776; 0,00216345; 1,99252; 0,0033021; 
0,995993; 0,00216608; 1,99285; 0,00331399; 
0,996209; 0,00216701; 1,99318; 0,0033232; 
0,996426; 0,00216627; 1,99352; 0,00332973; 
0,996643; 0,00216389; 1,99385; 0,00333364; 
0,996859; 0,00215988; 1,99418; 0,00333494; 
0,997075; 0,00215427; 1,99452; 0,00333366; 
0,99729; 0,00214709; 1,99485; 0,00332986; 
0,997504; 0,00213836; 1,99518; 0,00332356; 
0,997717; 0,00212811; 1,99552; 0,0033148; 
0,99793; 0,00211637; 1,99585; 0,00330362; 
0,998141; 0,00210316; 1,99618; 0,00329005; 
0,99835; 0,00208852; 1,9965; 0,00327416; 
0,998558; 0,00207248; 1,99683; 0,00325597; 
0,998765; 0,00205507; 1,99716; 0,00323553; 
0,998969; 0,00203632; 1,99748; 0,00321288; 
0,999172; 0,00201626; 1,9978; 0,00318809; 
0,999372; 0,00199492; 1,99812; 0,00316118; 
0,999571; 0,00197234; 1,99843; 0,00313221; 
0,999767; 0,00194855; 1,99874; 0,00310123; 
0,99996; 0,00192359; 1,99905; 0,00306829; 
1,00015; 0,00189749; 1,99936; 0,00303344; 
1,00034; 0,00187029; 1,99966; 0,00299674; 
1,00053; 0,00184202; 1,99995; 0,00295823; 
1,00071; 0,00181272; 2,00025; 0,00291798; 
1,00089; 0,00178242; 2,00054; 0,00287602; 
1,00106; 0,00175116; 2,00082; 0,00283243; 
1,00124; 0,00171897; 2,0011; 0,00278725; 
1,00141; 0,0016859; 2,00138; 0,00274054; 
1,00158; 0,00165199; 2,00165; 0,00269235; 
1,00174; 0,00161726; 2,00192; 0,00264275; 
1,0019; 0,00158175; 2,00218; 0,00259179; 
1,00206; 0,00154551; 2,00244; 0,00253952; 
1,00221; 0,00150857; 2,00269; 0,00248601; 
1,00236; 0,00147097; 2,00294; 0,00243131; 
1,0025; 0,00143275; 2,00318; 0,00237548; 
1,00264; 0,00139394; 2,00341; 0,00231858; 
1,00278; 0,00135458; 2,00364; 0,00226066; 
1,00291; 0,00131471; 2,00386; 0,00220178; 
1,00304; 0,00127436; 2,00408; 0,00214201; 
1,00317; 0,00123358; 2,00429; 0,00208139; 
1,00329; 0,0011924; 2,0045; 0,00201999; 
1,00341; 0,00115085; 2,00469; 0,00195786; 
1,00352; 0,00110898; 2,00489; 0,00189507; 
1,00363; 0,00106682; 2,00507; 0,00183166; 
1,00373; 0,0010244; 2,00525; 0,00176769; 
1,00383; 0,000981769; 2,00543; 0,00170323; 
1,00393; 0,000938953; 2,00559; 0,00163832; 
1,00402; 0,00089599; 2,00575; 0,00157303; 
1,00411; 0,000852915; 2,00591; 0,0015074; 
1,00419; 0,000809761; 2,00606; 0,0014415; 
1,00427; 0,000766564; 2,0062; 0,00137537; 
1,00435; 0,000723357; 2,00633; 0,00130907; 
1,00442; 0,000680172; 2,00646; 0,00124265; 
1,00448; 0,000637044; 2,00658; 0,00117617; 
1,00454; 0,000594003; 2,00669; 0,00110968; 
1,0046; 0,000551082; 2,0068; 0,00104323; 
1,00465; 0,000508312; 2,0069; 0,000976858; 
1,0047; 0,000465724; 2,007; 0,000910629; 
1,00475; 0,000423348; 2,00708; 0,000844587; 
1,00479; 0,000381213; 2,00717; 0,00077878; 
1,00482; 0,000339348; 2,00724; 0,000713254; 
1,00485; 0,000297783; 2,00731; 0,000648058; 
1,00488; 0,000256544; 2,00737; 0,000583235; 
1,00491; 0,00021566; 2,00743; 0,000518831; 
1,00493; 0,000175155; 2,00747; 0,00045489; 
1,00494; 0,000135058; 2,00752; 0,000391453; 
1,00495; 9,53917e-05; 2,00755; 0,000328564; 
1,00496; 5,6182e-05; 2,00758; 0,000266262; 
1,00496; 1,74524e-05; 2,00761; 0,000204587; 
1,00496; -2,07737e-05; 2,00762; 0,00014358; 
1,00496; -5,84738e-05; 2,00763; 8,32758e-05; 
1,00495; -9,56261e-05; 2,00764; 2,37131e-05; 
1,00494; -0,00013221; 2,00764; -3,5073e-05; 
1,00493; -0,000168204; 2,00763; -9,30478e-05; 
1,00491; -0,000203589; 2,00762; -0,000150178; 
1,00489; -0,000238346; 2,0076; -0,000206431; 
1,00486; -0,000272457; 2,00758; -0,000261775; 
1,00483; -0,000305904; 2,00755; -0,00031618; 
1,0048; -0,000338671; 2,00752; -0,000369617; 
1,00476; -0,000370741; 2,00748; -0,000422059; 
1,00472; -0,0004021; 2,00743; -0,000473478; 
1,00468; -0,000432732; 2,00738; -0,000523848; 
1,00464; -0,000462625; 2,00733; -0,000573145; 
1,00459; -0,000491765; 2,00727; -0,000621346; 
1,00454; -0,000520139; 2,0072; -0,000668428; 
1,00449; -0,000547737; 2,00713; -0,000714371; 
1,00443; -0,000574548; 2,00706; -0,000759153; 
1,00437; -0,000600561; 2,00698; -0,000802757; 
1,00431; -0,000625767; 2,0069; -0,000845165; 
1,00425; -0,000650158; 2,00681; -0,000886361; 
1,00418; -0,000673726; 2,00672; -0,000926328; 
1,00411; -0,000696464; 2,00663; -0,000965053; 
1,00404; -0,000718366; 2,00653; -0,00100252; 
1,00397; -0,000739426; 2,00643; -0,00103873; 
1,00389; -0,000759638; 2,00632; -0,00107365; 
1,00382; -0,000779; 2,00621; -0,00110729; 
1,00374; -0,000797507; 2,0061; -0,00113963; 
1,00366; -0,000815157; 2,00598; -0,00117067; 
1,00357; -0,000831948; 2,00587; -0,00120039; 
1,00349; -0,000847878; 2,00574; -0,0012288; 
1,0034; -0,000862946; 2,00562; -0,0012559; 
1,00332; -0,000877153; 2,00549; -0,00128167; 
1,00323; -0,0008905; 2,00536; -0,00130611; 
1,00314; -0,000902986; 2,00523; -0,00132923; 
1,00305; -0,000914615; 2,0051; -0,00135102; 
1,00296; -0,000925389; 2,00496; -0,00137149; 
1,00286; -0,000935311; 2,00482; -0,00139064; 
1,00277; -0,000944385; 2,00468; -0,00140847; 
1,00267; -0,000952615; 2,00454; -0,00142498; 
1,00258; -0,000960006; 2,0044; -0,00144018; 
1,00248; -0,000966564; 2,00425; -0,00145407; 
1,00239; -0,000972295; 2,00411; -0,00146667; 
1,00229; -0,000977205; 2,00396; -0,00147797; 
1,00219; -0,000981302; 2,00381; -0,001488; 
1,00209; -0,000984593; 2,00366; -0,00149675; 
1,00199; -0,000987087; 2,00351; -0,00150424; 
1,00189; -0,000988792; 2,00336; -0,00151048; 
1,0018; -0,000989718; 2,00321; -0,00151548; 
1,0017; -0,000989874; 2,00306; -0,00151925; 
1,0016; -0,00098927; 2,00291; -0,00152181; 
1,0015; -0,000987917; 2,00276; -0,00152317; 
1,0014; -0,000985827; 2,0026; -0,00152335; 
1,0013; -0,00098301; 2,00245; -0,00152236; 
1,0012; -0,000979478; 2,0023; -0,00152022; 
1,00111; -0,000975243; 2,00215; -0,00151694; 
1,00101; -0,000970319; 2,002; -0,00151255; 
1,00091; -0,000964718; 2,00184; -0,00150705; 
1,00082; -0,000958454; 2,00169; -0,00150048; 
1,00072; -0,00095154; 2,00154; -0,00149285; 
1,00063; -0,000943989; 2,0014; -0,00148417; 
1,00053; -0,000935817; 2,00125; -0,00147448; 
1,00044; -0,000927038; 2,0011; -0,00146378; 
1,00035; -0,000917667; 2,00095; -0,00145211; 
1,00025; -0,000907718; 2,00081; -0,00143949; 
1,00016; -0,000897208; 2,00067; -0,00142593; 
1,00008; -0,000886151; 2,00052; -0,00141146; 
0,999987; -0,000874564; 2,00038; -0,0013961; 
0,9999; -0,000862462; 2,00025; -0,00137988; 
0,999815; -0,000849861; 2,00011; -0,00136282; 
0,99973; -0,000836778; 1,99997; -0,00134494; 
0,999647; -0,00082323; 1,99984; -0,00132628; 
0,999566; -0,000809232; 1,99971; -0,00130685; 
0,999486; -0,000794801; 1,99958; -0,00128667; 
0,999407; -0,000779955; 1,99945; -0,00126579; 
0,99933; -0,000764711; 1,99933; -0,00124421; 
0,999254; -0,000749084; 1,9992; -0,00122197; 
0,99918; -0,000733093; 1,99908; -0,00119908; 
0,999107; -0,000716754; 1,99896; -0,00117559; 
0,999036; -0,000700084; 1,99885; -0,00115151; 
0,998967; -0,000683102; 1,99873; -0,00112687; 
0,9989; -0,000665823; 1,99862; -0,0011017; 
0,998834; -0,000648265; 1,99851; -0,00107602; 
0,99877; -0,000630445; 1,99841; -0,00104986; 
0,998708; -0,000612381; 1,9983; -0,00102325; 
0,998648; -0,000594089; 1,9982; -0,000996203; 
0,998589; -0,000575587; 1,9981; -0,000968759; 
0,998533; -0,00055689; 1,99801; -0,000940939; 
0,998478; -0,000538018; 1,99791; -0,000912771; 
0,998425; -0,000518985; 1,99782; -0,00088428; 
0,998374; -0,000499809; 1,99774; -0,000855493; 
0,998325; -0,000480507; 1,99765; -0,000826434; 
0,998278; -0,000461094; 1,99757; -0,000797132; 
0,998233; -0,000441588; 1,99749; -0,00076761; 
0,99819; -0,000422004; 1,99742; -0,000737895; 
0,998148; -0,000402358; 1,99735; -0,000708011; 
0,998109; -0,000382666; 1,99728; -0,000677985; 
0,998072; -0,000362945; 1,99721; -0,00064784; 
0,998037; -0,000343209; 1,99715; -0,000617602; 
0,998003; -0,000323473; 1,99709; -0,000587294; 
0,997972; -0,000303754; 1,99703; -0,000556942; 
0,997942; -0,000284065; 1,99698; -0,000526569; 
0,997915; -0,000264421; 1,99692; -0,000496197; 
0,99789; -0,000244837; 1,99688; -0,000465852; 
0,997866; -0,000225327; 1,99683; -0,000435554; 
0,997845; -0,000205905; 1,99679; -0,000405328; 
0,997825; -0,000186585; 1,99675; -0,000375195; 
0,997807; -0,000167379; 1,99671; -0,000345177; 
0,997791; -0,000148302; 1,99668; -0,000315295; 
0,997778; -0,000129366; 1,99665; -0,00028557; 
0,997766; -0,000110584; 1,99662; -0,000256024; 
0,997755; -9,19671e-05; 1,9966; -0,000226676; 
0,997747; -7,35286e-05; 1,99658; -0,000197546; 
0,997741; -5,528e-05; 1,99656; -0,000168654; 
0,997736; -3,72325e-05; 1,99654; -0,000140018; 
0,997733; -1,93974e-05; 1,99653; -0,000111658; 
0,997732; -1,78537e-06; 1,99652; -8,35897e-05; 
0,997733; 1,5593e-05; 1,99652; -5,58325e-05; 
0,997735; 3,27275e-05; 1,99651; -2,84028e-05; 
0,997739; 4,96083e-05; 1,99651; -1,31748e-06; 
0,997745; 6,6226e-05; 1,99651; 2,54075e-05; 
0,997753; 8,25712e-05; 1,99651; 5,17563e-05; 
0,997762; 9,86351e-05; 1,99652; 7,7714e-05; 
0,997772; 0,000114409; 1,99653; 0,000103266; 
0,997785; 0,000129885; 1,99654; 0,000128398; 
0,997798; 0,000145055; 1,99656; 0,000153096; 
0,997814; 0,000159912; 1,99657; 0,000177347; 
0,99783; 0,000174448; 1,99659; 0,00020114; 
0,997848; 0,000188657; 1,99661; 0,00022446; 
0,997868; 0,000202531; 1,99664; 0,000247298; 
0,997889; 0,000216066; 1,99666; 0,000269642; 
0,997911; 0,000229254; 1,99669; 0,000291481; 
0,997935; 0,000242091; 1,99672; 0,000312806; 
0,99796; 0,000254572; 1,99675; 0,000333607; 
0,997986; 0,000266691; 1,99679; 0,000353875; 
0,998013; 0,000278445; 1,99682; 0,000373602; 
0,998041; 0,000289828; 1,99686; 0,00039278; 
0,998071; 0,000300838; 1,9969; 0,000411401; 
0,998102; 0,000311471; 1,99694; 0,000429459; 
0,998133; 0,000321723; 1,99699; 0,000446947; 
0,998166; 0,000331592; 1,99703; 0,00046386; 
0,998199; 0,000341076; 1,99708; 0,000480192; 
0,998234; 0,000350173; 1,99713; 0,000495939; 
0,99827; 0,00035888; 1,99718; 0,000511096; 
0,998306; 0,000367196; 1,99723; 0,00052566; 
0,998343; 0,00037512; 1,99729; 0,000539627; 
0,998381; 0,000382652; 1,99734; 0,000552995; 
0,998419; 0,00038979; 1,9974; 0,000565761; 
0,998459; 0,000396534; 1,99745; 0,000577924; 
0,998499; 0,000402886; 1,99751; 0,000589482; 
0,998539; 0,000408844; 1,99757; 0,000600435; 
0,998581; 0,000414409; 1,99763; 0,000610783; 
0,998622; 0,000419583; 1,99769; 0,000620525; 
0,998664; 0,000424368; 1,99776; 0,000629662; 
0,998707; 0,000428763; 1,99782; 0,000638195; 
0,99875; 0,000432772; 1,99788; 0,000646126; 
0,998794; 0,000436396; 1,99795; 0,000653457; 
0,998837; 0,000439638; 1,99801; 0,00066019; 
0,998882; 0,0004425; 1,99808; 0,000666327; 
0,998926; 0,000444985; 1,99815; 0,000671873; 
0,998971; 0,000447097; 1,99821; 0,000676831; 
0,999015; 0,000448838; 1,99828; 0,000681205; 
0,99906; 0,000450212; 1,99835; 0,000684999; 
0,999105; 0,000451224; 1,99842; 0,000688218; 
0,999151; 0,000451877; 1,99849; 0,000690867; 
0,999196; 0,000452175; 1,99856; 0,000692953; 
0,999241; 0,000452123; 1,99863; 0,00069448; 
0,999286; 0,000451726; 1,9987; 0,000695456; 
0,999331; 0,000450989; 1,99877; 0,000695886; 
0,999376; 0,000449916; 1,99884; 0,000695778; 
0,999421; 0,000448513; 1,99891; 0,000695139; 
0,999466; 0,000446786; 1,99897; 0,000693977; 
0,999511; 0,00044474; 1,99904; 0,000692298; 
0,999555; 0,000442381; 1,99911; 0,000690113; 
0,999599; 0,000439715; 1,99918; 0,000687429; 
0,999643; 0,000436748; 1,99925; 0,000684254; 
0,999686; 0,000433486; 1,99932; 0,000680598; 
0,99973; 0,000429936; 1,99939; 0,00067647; 
0,999772; 0,000426104; 1,99945; 0,00067188; 
0,999815; 0,000421998; 1,99952; 0,000666836; 
0,999857; 0,000417623; 1,99959; 0,00066135; 
0,999898; 0,000412987; 1,99965; 0,00065543; 
0,999939; 0,000408097; 1,99972; 0,000649088; 
0,99998; 0,00040296; 1,99978; 0,000642334; 
1,00002; 0,000397583; 1,99985; 0,000635178; 